CREATE DATABASE QL_BanHang;

-- 1. Bảng KHACH
CREATE TABLE KHACH (
    MAKH CHAR(10) PRIMARY KEY,
    TENKH NVARCHAR(50),
    DIACHI NVARCHAR(100),
    DIENTHOAI VARCHAR(15)
);

-- 2. Bảng HANG
CREATE TABLE HANG (
    MAHG CHAR(10) PRIMARY KEY,
    TENHG NVARCHAR(100),
    DVT NVARCHAR(20),
    NHASX NVARCHAR(50) -- Thêm cột NHASX dựa theo ảnh dữ liệu
);

-- 3. Bảng HOADON
CREATE TABLE HOADON (
    MAHD CHAR(10) PRIMARY KEY,
    NGAYLAP DATE,
    MAKH CHAR(10),
    CONSTRAINT FK_HD_KH FOREIGN KEY (MAKH) REFERENCES KHACH(MAKH)
);

-- 4. Bảng CHITIETHD
CREATE TABLE CHITIETHD (
    MAHD CHAR(10),
    MAHG CHAR(10),
    SOLUONG INT,
    GIABAN MONEY,
    PRIMARY KEY (MAHD, MAHG),
    CONSTRAINT FK_CTHD_HD FOREIGN KEY (MAHD) REFERENCES HOADON(MAHD),
    CONSTRAINT FK_CTHD_HG FOREIGN KEY (MAHG) REFERENCES HANG(MAHG)
);

-- 5. Bảng PHIEUNHAP (Lưu ý: MANCC chưa có bảng gốc nên tạm để kiểu dữ liệu)
CREATE TABLE PHIEUNHAP (
    MAPN CHAR(10) PRIMARY KEY,
    NGAYLAP DATE,
    MANCC CHAR(10)
);

-- 6. Bảng CHITIETPN
CREATE TABLE CHITIETPN (
    MAPN CHAR(10),
    MAHG CHAR(10),
    SOLUONG INT,
    GIANHAP MONEY,
    PRIMARY KEY (MAPN, MAHG),
    CONSTRAINT FK_CTPN_PN FOREIGN KEY (MAPN) REFERENCES PHIEUNHAP(MAPN),
    CONSTRAINT FK_CTPN_HG FOREIGN KEY (MAHG) REFERENCES HANG(MAHG)
);
GO
-- Dữ liệu bảng KHACH
INSERT INTO KHACH VALUES 
('K01', 'LAN', 'TPHCM', '0943657644'),
('K02', 'MINH', N'HÀ NỘI', '0384535643'),
('K03', 'CHAU', N'HÀ NỘI', '0908343533'),
('K04', 'TUAN', 'LONG AN', '0378213242'),
('K05', 'BINH', N'ĐÀ NẴNG', '0983232223');

-- Dữ liệu bảng HANG
INSERT INTO HANG VALUES 
('A001', N'Bình thuỷ tinh 1L', N'Bộ', 'Luminarc'),
('A002', N'Đèn để bàn RD', N'Bộ', N'Rạng Đông'),
('A003', N'Bút viết bảng TL', N'Cây', N'Thiên Long'),
('A004', N'Móc dán tường', N'Cái', N'Duy Tân'),
('A005', N'Bộ thước Eke', N'Bộ', 'Minh An'),
('A006', N'Hộp đựng bút', N'Cái', 'Minh An'),
('A007', N'Sổ tay', N'Quyển', N'Thành Tín');

-- Dữ liệu bảng HOADON
INSERT INTO HOADON VALUES 
('HD001', '2023-03-22', 'K01'),
('HD002', '2023-04-10', 'K01'),
('HD003', '2023-06-09', 'K02'),
('HD004', '2023-06-17', 'K03');

-- Dữ liệu bảng PHIEUNHAP
INSERT INTO PHIEUNHAP VALUES 
('PN001', '2023-01-10', 'CC1'),
('PN002', '2023-02-15', 'CC1'),
('PN003', '2023-02-25', 'CC2');

-- Dữ liệu bảng CHITIETPN
INSERT INTO CHITIETPN VALUES 
('PN001', 'A001', 20, 77000), ('PN001', 'A002', 15, 32000), ('PN001', 'A003', 50, 7500),
('PN002', 'A004', 100, 2000), ('PN002', 'A005', 30, 5500),
('PN003', 'A006', 10, 16000), ('PN003', 'A007', 25, 12000);

-- Dữ liệu bảng CHITIETHD
INSERT INTO CHITIETHD VALUES 
('HD001', 'A001', 1, 85000), ('HD001', 'A005', 2, 7000),
('HD002', 'A003', 5, 8500), ('HD002', 'A004', 10, 3000),
('HD003', 'A003', 3, 8500),
('HD004', 'A002', 4, 40000), ('HD004', 'A004', 2, 3000), ('HD004', 'A007', 3, 15000);
GO

--

CREATE VIEW CAUA
AS
	SELECT K.MAKH, TENKH, SUM(GIABAN * SOLUONG)
	FROM KHACH K, HOADON H, CHITIETHD CH
	WHERE K.MAKH = H.MAKH AND H.MAHD = CH.MAHD
	GROUP BY K.MAKH, TENKH

DROP VIEW CAUA
SELECT * FROM CAUA

CREATE VIEW CAUB
AS
	SELECT H.MAHD, TENKH, SUM(SOLUONG*GIABAN)
	FROM KHACH K, HOADON H, CHITIETHD CH
	WHERE K.MAKH = H.MAKH AND H.MAHD = CH.MAHD
	GROUP BY H.MAHD,TENKH

DROP VIEW CAUB
SELECT * FROM CAUB

CREATE VIEW CAUC
AS
	SELECT H.MAHG, TENHG, DVT, SUM(SOLUONG) N'Tổng số lượng'
	FROM HANG H, CHITIETHD CH
	WHERE H.MAHG = CH.MAHG
	GROUP BY H.MAHG, TENHG, DVT

DROP VIEW CAUC
SELECT * FROM CAUC

CREATE VIEW CAUD
AS
	SELECT H.MAHG, TENHG, DVT, SUM(SOLUONG) N'Tổng số lượng'
	FROM HANG H, CHITIETPN CP
	WHERE H.MAHG = CP.MAHG
	GROUP BY H.MAHG, TENHG, DVT

DROP VIEW CAUD
SELECT * FROM CAUD

CREATE VIEW CAUE
AS
	SELECT MONTH(NGAYLAP) N'Tháng' , SUM(SOLUONG *GIABAN) N'Tổng trị giá'
	FROM HOADON H, CHITIETHD CH
	WHERE H.MAHD = CH.MAHD
	GROUP BY MONTH(NGAYLAP)

DROP VIEW CAUE
SELECT * FROM CAUE

CREATE VIEW CAUF
AS
	SELECT MONTH(H.NGAYLAP) N'Tháng' , SUM((GIABAN - GIANHAP)*CH.SOLUONG) N'Tổng lợi nhuận'
	FROM HOADON H, CHITIETHD CH, CHITIETPN CP
	WHERE H.MAHD = CH.MAHD AND CH.MAHG = CP.MAHG
	GROUP BY MONTH(H.NGAYLAP)
DROP VIEW CAUF
SELECT * FROM CAUF

CREATE VIEW CAUG
AS
	SELECT MONTH(H.NGAYLAP) N'Tháng' ,SUM(CH.SOLUONG *GIABAN) N'Tổng trị giá', SUM((GIABAN - GIANHAP)*CH.SOLUONG) N'Tổng lợi nhuận'
	FROM HOADON H, CHITIETHD CH, CHITIETPN CP
	WHERE H.MAHD = CH.MAHD AND CH.MAHG = CP.MAHG
	GROUP BY MONTH(H.NGAYLAP)
DROP VIEW CAUG
SELECT * FROM CAUG

CREATE VIEW CAUH
AS
	SELECT H.MAHG, TENHG, DVT, SUM(CP.SOLUONG) N'Tổng số lượng nhập' , SUM(CH.SOLUONG) N'Tổng số lượng bán' , SUM(CP.SOLUONG - CH.SOLUONG) N'Số lượng còn lại'
	FROM HANG H, CHITIETPN CP, CHITIETHD CH
	WHERE H.MAHG = CP.MAHG AND H.MAHG = CH.MAHG
	GROUP BY H.MAHG, TENHG, DVT

DROP VIEW CAUH
SELECT * FROM CAUH
